SS-LITE-BLE-SD-V1-029,1534
SS-LITE-BLE-SD-V1-029,1526
SS-LITE-BLE-SD-V1-030,1519
SS-LITE-BLE-SD-V1-031,1521
SS-LITE-BLE-SD-V1-031,41171
SS-LITE-BLE-SD-V1-031,59840
SS-LITE-BLE-SD-V1-032,17703
SS-LITE-BLE-SD-V1-032,1529
SS-LITE-BLE-SD-V1-032,60065
SS-LITE-BLE-SD-V1-033,1532,RESET=POWERON
SS-LITE-BLE-SD-V1-033,26839,RESET=POWERON
SS-LITE-BLE-SD-V1-034,1536,RESET=POWERON
SS-LITE-BLE-SD-V1-034,21181,RESET=POWERON
SS-LITE-BLE-SD-V1-034,99388,RESET=POWERON
SS-LITE-BLE-SD-V1-035,59703,RESET=POWERON
SS-LITE-BLE-SD-V1-035,1531,RESET=POWERON
SS-LITE-BLE-SD-V1-035,33615,RESET=POWERON
SS-LITE-BLE-SD-V1-035,1522,RESET=POWERON
SS-LITE-BLE-SD-V1-035,25675,RESET=POWERON
